"","year","st_cd_fips","incumb"
"1",2022,"0101",0
"2",2022,"0102",0
"3",2022,"0103",0
"4",2022,"0104",0
"5",2022,"0105",0
"6",2022,"0106",0
"7",2022,"0107",1
"8",2022,"0200",0
"9",2022,"0401",1
"10",2022,"0402",1
"11",2022,"0403",1
"12",2022,"0404",0
"13",2022,"0405",0
"14",2022,"0406",0
"15",2022,"0407",1
"16",2022,"0408",0
"17",2022,"0409",1
"18",2022,"0501",0
"19",2022,"0502",0
"20",2022,"0503",0
"21",2022,"0504",0
"22",2022,"0601",0
"23",2022,"0602",1
"24",2022,"0603",1
"25",2022,"0604",0
"26",2022,"0605",1
"27",2022,"0606",1
"28",2022,"0607",1
"29",2022,"0608",0
"30",2022,"0609",1
"31",2022,"0610",1
"32",2022,"0611",1
"33",2022,"0612",1
"34",2022,"0613",1
"35",2022,"0614",1
"36",2022,"0615",1
"37",2022,"0616",1
"38",2022,"0617",1
"39",2022,"0618",1
"40",2022,"0619",1
"41",2022,"0620",1
"42",2022,"0621",0
"43",2022,"0622",0
"44",2022,"0623",0
"45",2022,"0624",1
"46",2022,"0625",0
"47",2022,"0626",1
"48",2022,"0627",1
"49",2022,"0628",1
"50",2022,"0629",1
"51",2022,"0630",1
"52",2022,"0631",1
"53",2022,"0632",1
"54",2022,"0633",1
"55",2022,"0634",1
"56",2022,"0635",1
"57",2022,"0636",1
"58",2022,"0637",1
"59",2022,"0638",1
"60",2022,"0639",0
"61",2022,"0640",1
"62",2022,"0641",1
"63",2022,"0642",0
"64",2022,"0643",1
"65",2022,"0644",1
"66",2022,"0645",1
"67",2022,"0646",1
"68",2022,"0647",1
"69",2022,"0648",0
"70",2022,"0649",1
"71",2022,"0650",0
"72",2022,"0651",1
"73",2022,"0652",1
"74",2022,"0653",1
"75",2022,"0801",1
"76",2022,"0802",1
"77",2022,"0803",0
"78",2022,"0804",0
"79",2022,"0805",0
"80",2022,"0806",1
"81",2022,"0807",1
"82",2022,"0901",1
"83",2022,"0902",1
"84",2022,"0903",1
"85",2022,"0904",1
"86",2022,"0905",1
"87",2022,"1000",1
"88",2022,"1201",0
"89",2022,"1202",0
"90",2022,"1203",0
"91",2022,"1204",0
"92",2022,"1205",1
"93",2022,"1206",0
"94",2022,"1207",1
"95",2022,"1208",0
"96",2022,"1209",1
"97",2022,"1210",1
"98",2022,"1211",0
"99",2022,"1212",0
"100",2022,"1213",1
"101",2022,"1214",1
"102",2022,"1215",0
"103",2022,"1216",0
"104",2022,"1217",0
"105",2022,"1218",0
"106",2022,"1219",0
"107",2022,"1220",1
"108",2022,"1221",1
"109",2022,"1222",1
"110",2022,"1223",1
"111",2022,"1224",1
"112",2022,"1225",0
"113",2022,"1226",0
"114",2022,"1227",0
"115",2022,"1301",0
"116",2022,"1302",1
"117",2022,"1303",0
"118",2022,"1304",1
"119",2022,"1305",1
"120",2022,"1306",1
"121",2022,"1307",1
"122",2022,"1308",0
"123",2022,"1309",0
"124",2022,"1310",0
"125",2022,"1311",0
"126",2022,"1312",0
"127",2022,"1313",1
"128",2022,"1314",0
"129",2022,"1501",1
"130",2022,"1502",1
"131",2022,"1601",0
"132",2022,"1602",0
"133",2022,"1701",1
"134",2022,"1702",1
"135",2022,"1703",1
"136",2022,"1704",1
"137",2022,"1705",1
"138",2022,"1706",1
"139",2022,"1707",1
"140",2022,"1708",1
"141",2022,"1709",1
"142",2022,"1710",1
"143",2022,"1711",1
"144",2022,"1712",0
"145",2022,"1713",0
"146",2022,"1714",1
"147",2022,"1715",0
"148",2022,"1716",0
"149",2022,"1717",1
"150",2022,"1718",0
"151",2022,"1801",1
"152",2022,"1802",0
"153",2022,"1803",0
"154",2022,"1804",0
"155",2022,"1805",0
"156",2022,"1806",0
"157",2022,"1807",1
"158",2022,"1808",0
"159",2022,"1809",0
"160",2022,"1901",0
"161",2022,"1902",0
"162",2022,"1903",1
"163",2022,"1904",0
"164",2022,"2001",0
"165",2022,"2002",0
"166",2022,"2003",1
"167",2022,"2004",0
"168",2022,"2101",0
"169",2022,"2102",0
"170",2022,"2103",1
"171",2022,"2104",0
"172",2022,"2105",0
"173",2022,"2106",0
"174",2022,"2201",0
"175",2022,"2203",0
"176",2022,"2204",0
"177",2022,"2202",1
"178",2022,"2205",0
"179",2022,"2205",0
"180",2022,"2206",0
"181",2022,"2301",1
"182",2022,"2302",1
"183",2022,"2401",0
"184",2022,"2402",1
"185",2022,"2403",1
"186",2022,"2404",1
"187",2022,"2405",1
"188",2022,"2406",1
"189",2022,"2407",1
"190",2022,"2408",1
"191",2022,"2501",1
"192",2022,"2502",1
"193",2022,"2503",1
"194",2022,"2504",1
"195",2022,"2505",1
"196",2022,"2506",1
"197",2022,"2507",1
"198",2022,"2508",1
"199",2022,"2509",1
"200",2022,"2601",0
"201",2022,"2602",0
"202",2022,"2603",0
"203",2022,"2604",0
"204",2022,"2605",1
"205",2022,"2606",0
"206",2022,"2607",0
"207",2022,"2608",1
"208",2022,"2609",1
"209",2022,"2610",0
"210",2022,"2611",1
"211",2022,"2612",1
"212",2022,"2613",1
"213",2022,"2614",1
"214",2022,"2701",0
"215",2022,"2702",1
"216",2022,"2703",1
"217",2022,"2704",1
"218",2022,"2705",1
"219",2022,"2706",0
"220",2022,"2707",0
"221",2022,"2708",0
"222",2022,"2801",0
"223",2022,"2802",1
"224",2022,"2803",0
"225",2022,"2804",0
"226",2022,"2901",1
"227",2022,"2902",0
"228",2022,"2903",0
"229",2022,"2904",0
"230",2022,"2905",1
"231",2022,"2906",0
"232",2022,"2907",0
"233",2022,"2908",0
"234",2022,"3000",0
"235",2022,"3101",0
"236",2022,"3102",0
"237",2022,"3103",0
"238",2022,"3201",1
"239",2022,"3202",0
"240",2022,"3203",1
"241",2022,"3204",1
"242",2022,"3301",1
"243",2022,"3302",1
"244",2022,"3401",1
"245",2022,"3402",0
"246",2022,"3403",1
"247",2022,"3404",0
"248",2022,"3405",1
"249",2022,"3406",1
"250",2022,"3407",1
"251",2022,"3408",1
"252",2022,"3409",1
"253",2022,"3410",1
"254",2022,"3411",1
"255",2022,"3412",1
"256",2022,"3501",1
"257",2022,"3502",0
"258",2022,"3503",1
"259",2022,"3601",0
"260",2022,"3602",0
"261",2022,"3603",1
"262",2022,"3604",1
"263",2022,"3605",1
"264",2022,"3606",1
"265",2022,"3607",1
"266",2022,"3608",1
"267",2022,"3609",1
"268",2022,"3610",1
"269",2022,"3611",0
"270",2022,"3612",1
"271",2022,"3613",1
"272",2022,"3614",1
"273",2022,"3615",1
"274",2022,"3616",1
"275",2022,"3617",1
"276",2022,"3618",1
"277",2022,"3619",1
"278",2022,"3620",1
"279",2022,"3621",0
"280",2022,"3622",0
"281",2022,"3623",0
"282",2022,"3624",0
"283",2022,"3625",1
"284",2022,"3626",1
"285",2022,"3627",0
"286",2022,"3701",1
"287",2022,"3702",1
"288",2022,"3703",0
"289",2022,"3704",1
"290",2022,"3705",0
"291",2022,"3706",1
"292",2022,"3707",0
"293",2022,"3708",0
"294",2022,"3709",0
"295",2022,"3710",0
"296",2022,"3711",0
"297",2022,"3712",1
"298",2022,"3713",0
"299",2022,"3800",0
"300",2022,"3901",0
"301",2022,"3902",0
"302",2022,"3903",1
"303",2022,"3904",0
"304",2022,"3905",0
"305",2022,"3906",0
"306",2022,"3907",0
"307",2022,"3908",0
"308",2022,"3909",1
"309",2022,"3910",0
"310",2022,"3911",1
"311",2022,"3912",0
"312",2022,"3913",1
"313",2022,"3914",0
"314",2022,"3915",0
"315",2022,"3916",0
"316",2022,"4001",0
"317",2022,"4002",0
"318",2022,"4003",0
"319",2022,"4004",0
"320",2022,"4005",0
"321",2022,"4101",1
"322",2022,"4102",0
"323",2022,"4103",1
"324",2022,"4104",1
"325",2022,"4105",1
"326",2022,"4201",0
"327",2022,"4202",1
"328",2022,"4203",1
"329",2022,"4204",1
"330",2022,"4205",1
"331",2022,"4206",1
"332",2022,"4207",1
"333",2022,"4208",1
"334",2022,"4209",0
"335",2022,"4210",0
"336",2022,"4211",0
"337",2022,"4212",0
"338",2022,"4213",0
"339",2022,"4214",0
"340",2022,"4215",0
"341",2022,"4216",0
"342",2022,"4217",1
"343",2022,"4218",1
"344",2022,"4402",1
"345",2022,"4401",1
"346",2022,"4501",0
"347",2022,"4502",0
"348",2022,"4503",0
"349",2022,"4504",0
"350",2022,"4505",0
"351",2022,"4506",1
"352",2022,"4507",0
"353",2022,"4600",0
"354",2022,"4701",0
"355",2022,"4702",0
"356",2022,"4703",0
"357",2022,"4704",0
"358",2022,"4705",1
"359",2022,"4706",0
"360",2022,"4707",0
"361",2022,"4708",0
"362",2022,"4709",1
"363",2022,"4801",0
"364",2022,"4802",0
"365",2022,"4803",0
"366",2022,"4804",0
"367",2022,"4805",0
"368",2022,"4806",0
"369",2022,"4807",1
"370",2022,"4808",0
"371",2022,"4809",1
"372",2022,"4810",0
"373",2022,"4811",0
"374",2022,"4812",0
"375",2022,"4813",0
"376",2022,"4814",0
"377",2022,"4815",1
"378",2022,"4816",1
"379",2022,"4817",0
"380",2022,"4818",1
"381",2022,"4819",0
"382",2022,"4820",1
"383",2022,"4821",0
"384",2022,"4822",0
"385",2022,"4823",0
"386",2022,"4824",0
"387",2022,"4825",0
"388",2022,"4826",0
"389",2022,"4827",0
"390",2022,"4828",1
"391",2022,"4829",1
"392",2022,"4830",1
"393",2022,"4831",0
"394",2022,"4832",1
"395",2022,"4834",1
"396",2022,"4833",1
"397",2022,"4835",1
"398",2022,"4836",0
"399",2022,"4901",0
"400",2022,"4902",0
"401",2022,"4903",0
"402",2022,"4904",0
"403",2022,"5000",1
"404",2022,"5101",0
"405",2022,"5102",1
"406",2022,"5103",1
"407",2022,"5104",1
"408",2022,"5105",0
"409",2022,"5106",0
"410",2022,"5107",1
"411",2022,"5108",1
"412",2022,"5109",0
"413",2022,"5110",1
"414",2022,"5111",1
"415",2022,"5301",1
"416",2022,"5302",1
"417",2022,"5303",0
"418",2022,"5304",0
"419",2022,"5305",0
"420",2022,"5306",1
"421",2022,"5307",1
"422",2022,"5308",1
"423",2022,"5309",1
"424",2022,"5310",1
"425",2022,"5401",0
"426",2022,"5402",0
"427",2022,"5403",0
"428",2022,"5501",0
"429",2022,"5502",1
"430",2022,"5503",1
"431",2022,"5504",1
"432",2022,"5505",0
"433",2022,"5506",0
"434",2022,"5507",0
"435",2022,"5508",0
"436",2022,"5600",0
"437",2020,"0101",0
"438",2020,"0102",0
"439",2020,"0103",0
"440",2020,"0104",0
"441",2020,"0105",0
"442",2020,"0106",0
"443",2020,"0107",1
"444",2020,"0200",0
"445",2020,"0401",1
"446",2020,"0402",1
"447",2020,"0403",1
"448",2020,"0404",0
"449",2020,"0405",0
"450",2020,"0406",0
"451",2020,"0407",1
"452",2020,"0408",0
"453",2020,"0409",1
"454",2020,"0501",0
"455",2020,"0502",0
"456",2020,"0503",0
"457",2020,"0504",0
"458",2020,"0601",0
"459",2020,"0602",1
"460",2020,"0603",1
"461",2020,"0604",0
"462",2020,"0605",1
"463",2020,"0606",1
"464",2020,"0607",1
"465",2020,"0608",0
"466",2020,"0609",1
"467",2020,"0610",1
"468",2020,"0611",1
"469",2020,"0612",1
"470",2020,"0613",1
"471",2020,"0614",1
"472",2020,"0615",1
"473",2020,"0616",1
"474",2020,"0617",1
"475",2020,"0618",1
"476",2020,"0619",1
"477",2020,"0620",1
"478",2020,"0621",1
"479",2020,"0622",0
"480",2020,"0623",0
"481",2020,"0624",1
"482",2020,"0625",1
"483",2020,"0626",1
"484",2020,"0627",1
"485",2020,"0628",1
"486",2020,"0629",1
"487",2020,"0630",1
"488",2020,"0631",1
"489",2020,"0632",1
"490",2020,"0633",1
"491",2020,"0634",1
"492",2020,"0635",1
"493",2020,"0636",1
"494",2020,"0637",1
"495",2020,"0638",1
"496",2020,"0639",1
"497",2020,"0640",1
"498",2020,"0641",1
"499",2020,"0642",0
"500",2020,"0643",1
"501",2020,"0644",1
"502",2020,"0645",1
"503",2020,"0646",1
"504",2020,"0647",1
"505",2020,"0648",1
"506",2020,"0649",1
"507",2020,"0650",0
"508",2020,"0651",1
"509",2020,"0652",1
"510",2020,"0653",1
"511",2020,"0801",1
"512",2020,"0802",1
"513",2020,"0803",0
"514",2020,"0804",0
"515",2020,"0805",0
"516",2020,"0806",1
"517",2020,"0807",1
"518",2020,"0901",1
"519",2020,"0902",1
"520",2020,"0903",1
"521",2020,"0904",1
"522",2020,"0905",1
"523",2020,"1000",1
"524",2020,"1201",0
"525",2020,"1202",0
"526",2020,"1203",0
"527",2020,"1204",0
"528",2020,"1205",1
"529",2020,"1206",0
"530",2020,"1207",1
"531",2020,"1208",0
"532",2020,"1209",1
"533",2020,"1210",1
"534",2020,"1211",0
"535",2020,"1212",0
"536",2020,"1213",1
"537",2020,"1214",1
"538",2020,"1215",0
"539",2020,"1216",0
"540",2020,"1217",0
"541",2020,"1218",0
"542",2020,"1219",0
"543",2020,"1220",1
"544",2020,"1221",1
"545",2020,"1222",1
"546",2020,"1224",1
"547",2020,"1225",0
"548",2020,"1226",1
"549",2020,"1227",1
"550",2020,"1301",0
"551",2020,"1223",1
"552",2020,"1302",1
"553",2020,"1303",0
"554",2020,"1304",1
"555",2020,"1305",1
"556",2020,"1306",1
"557",2020,"1307",0
"558",2020,"1308",0
"559",2020,"1309",0
"560",2020,"1310",0
"561",2020,"1311",0
"562",2020,"1312",0
"563",2020,"1313",1
"564",2020,"1314",0
"565",2020,"1501",1
"566",2020,"1502",1
"567",2020,"1601",0
"568",2020,"1602",0
"569",2020,"1701",1
"570",2020,"1702",1
"571",2020,"1703",1
"572",2020,"1704",1
"573",2020,"1705",1
"574",2020,"1706",1
"575",2020,"1707",1
"576",2020,"1708",1
"577",2020,"1709",1
"578",2020,"1710",1
"579",2020,"1711",1
"580",2020,"1712",0
"581",2020,"1713",0
"582",2020,"1714",1
"583",2020,"1715",0
"584",2020,"1716",0
"585",2020,"1717",1
"586",2020,"1718",0
"587",2020,"1801",1
"588",2020,"1802",0
"589",2020,"1803",0
"590",2020,"1804",0
"591",2020,"1805",0
"592",2020,"1806",0
"593",2020,"1807",1
"594",2020,"1808",0
"595",2020,"1809",0
"596",2020,"1901",1
"597",2020,"1902",1
"598",2020,"1903",1
"599",2020,"1904",0
"600",2020,"2001",0
"601",2020,"2002",0
"602",2020,"2003",1
"603",2020,"2004",0
"604",2020,"2101",0
"605",2020,"2102",0
"606",2020,"2103",1
"607",2020,"2104",0
"608",2020,"2105",0
"609",2020,"2106",0
"610",2020,"2201",0
"611",2020,"2202",1
"612",2020,"2203",0
"613",2020,"2204",0
"614",2020,"2205",0
"615",2020,"2206",0
"616",2020,"2301",1
"617",2020,"2302",0
"618",2020,"2302",1
"619",2020,"2401",0
"620",2020,"2402",1
"621",2020,"2403",1
"622",2020,"2404",1
"623",2020,"2407",1
"624",2020,"2405",1
"625",2020,"2406",1
"626",2020,"2408",1
"627",2020,"2501",1
"628",2020,"2502",1
"629",2020,"2503",1
"630",2020,"2504",1
"631",2020,"2505",1
"632",2020,"2506",1
"633",2020,"2507",1
"634",2020,"2508",1
"635",2020,"2509",1
"636",2020,"2601",0
"637",2020,"2602",0
"638",2020,"2603",0
"639",2020,"2604",0
"640",2020,"2605",1
"641",2020,"2606",0
"642",2020,"2607",0
"643",2020,"2608",1
"644",2020,"2609",1
"645",2020,"2610",0
"646",2020,"2611",1
"647",2020,"2612",1
"648",2020,"2613",1
"649",2020,"2614",1
"650",2020,"2701",0
"651",2020,"2702",1
"652",2020,"2703",1
"653",2020,"2704",1
"654",2020,"2705",1
"655",2020,"2706",0
"656",2020,"2707",1
"657",2020,"2708",0
"658",2020,"2801",0
"659",2020,"2802",1
"660",2020,"2803",0
"661",2020,"2804",0
"662",2020,"2901",1
"663",2020,"2902",0
"664",2020,"2903",0
"665",2020,"2904",0
"666",2020,"2905",1
"667",2020,"2906",0
"668",2020,"2907",0
"669",2020,"2908",0
"670",2020,"3000",0
"671",2020,"3101",0
"672",2020,"3102",0
"673",2020,"3103",0
"674",2020,"3201",1
"675",2020,"3202",0
"676",2020,"3203",1
"677",2020,"3204",1
"678",2020,"3301",1
"679",2020,"3302",1
"680",2020,"3401",1
"681",2020,"3402",1
"682",2020,"3403",1
"683",2020,"3404",0
"684",2020,"3405",1
"685",2020,"3406",1
"686",2020,"3407",1
"687",2020,"3408",1
"688",2020,"3409",1
"689",2020,"3411",1
"690",2020,"3412",1
"691",2020,"3501",1
"692",2020,"3410",1
"693",2020,"3502",1
"694",2020,"3503",1
"695",2020,"3601",0
"696",2020,"3602",0
"697",2020,"3603",1
"698",2020,"3604",1
"699",2020,"3605",1
"700",2020,"3606",1
"701",2020,"3607",1
"702",2020,"3608",1
"703",2020,"3609",1
"704",2020,"3610",1
"705",2020,"3611",1
"706",2020,"3612",1
"707",2020,"3613",1
"708",2020,"3614",1
"709",2020,"3615",1
"710",2020,"3616",1
"711",2020,"3617",1
"712",2020,"3618",1
"713",2020,"3903",1
"714",2020,"3904",0
"715",2020,"3905",0
"716",2020,"3619",1
"717",2020,"3620",1
"718",2020,"3621",0
"719",2020,"3622",1
"720",2020,"3623",0
"721",2020,"3624",0
"722",2020,"3625",1
"723",2020,"3626",1
"724",2020,"3627",0
"725",2020,"3701",1
"726",2020,"3702",0
"727",2020,"3703",0
"728",2020,"3704",1
"729",2020,"3705",0
"730",2020,"3706",0
"731",2020,"3707",0
"732",2020,"3708",0
"733",2020,"3709",0
"734",2020,"3710",0
"735",2020,"3711",0
"736",2020,"3712",1
"737",2020,"3713",0
"738",2020,"3800",0
"739",2020,"3901",0
"740",2020,"3902",0
"741",2020,"3906",0
"742",2020,"3907",0
"743",2020,"3908",0
"744",2020,"3909",1
"745",2020,"3910",0
"746",2020,"3911",1
"747",2020,"3912",0
"748",2020,"3913",1
"749",2020,"3914",0
"750",2020,"3915",0
"751",2020,"3916",0
"752",2020,"4001",0
"753",2020,"4002",0
"754",2020,"4003",0
"755",2020,"4004",0
"756",2020,"4005",1
"757",2020,"4101",1
"758",2020,"4102",0
"759",2020,"4103",1
"760",2020,"4104",1
"761",2020,"4105",1
"762",2020,"4201",0
"763",2020,"4202",1
"764",2020,"4203",1
"765",2020,"4204",1
"766",2020,"4205",1
"767",2020,"4206",1
"768",2020,"4207",1
"769",2020,"4208",1
"770",2020,"4209",0
"771",2020,"4210",0
"772",2020,"4211",0
"773",2020,"4212",0
"774",2020,"4213",0
"775",2020,"4214",0
"776",2020,"4215",0
"777",2020,"4216",0
"778",2020,"4217",1
"779",2020,"4218",1
"780",2020,"4401",1
"781",2020,"4402",1
"782",2020,"4501",1
"783",2020,"4502",0
"784",2020,"4503",0
"785",2020,"4504",0
"786",2020,"4505",0
"787",2020,"4506",1
"788",2020,"4507",0
"789",2020,"4600",0
"790",2020,"4701",0
"791",2020,"4703",0
"792",2020,"4704",0
"793",2020,"4705",1
"794",2020,"4702",0
"795",2020,"4706",0
"796",2020,"4707",0
"797",2020,"4708",0
"798",2020,"4709",1
"799",2020,"4801",0
"800",2020,"4802",0
"801",2020,"4803",0
"802",2020,"4804",0
"803",2020,"4805",0
"804",2020,"4806",0
"805",2020,"4807",1
"806",2020,"4808",0
"807",2020,"4809",1
"808",2020,"4810",0
"809",2020,"4811",0
"810",2020,"4812",0
"811",2020,"4813",0
"812",2020,"4814",0
"813",2020,"4815",1
"814",2020,"4816",1
"815",2020,"4817",0
"816",2020,"4818",1
"817",2020,"4819",0
"818",2020,"4820",1
"819",2020,"4821",0
"820",2020,"4822",0
"821",2020,"4823",0
"822",2020,"4824",0
"823",2020,"4825",0
"824",2020,"4826",0
"825",2020,"4827",0
"826",2020,"4828",1
"827",2020,"4829",1
"828",2020,"4830",1
"829",2020,"4831",0
"830",2020,"4832",1
"831",2020,"4833",1
"832",2020,"4834",1
"833",2020,"4835",1
"834",2020,"4836",0
"835",2020,"4901",0
"836",2020,"4902",0
"837",2020,"4903",0
"838",2020,"4904",1
"839",2020,"5000",1
"840",2020,"5101",0
"841",2020,"5102",1
"842",2020,"5103",1
"843",2020,"5104",1
"844",2020,"5105",0
"845",2020,"5106",0
"846",2020,"5107",1
"847",2020,"5108",1
"848",2020,"5109",0
"849",2020,"5110",1
"850",2020,"5111",1
"851",2020,"5301",1
"852",2020,"5302",1
"853",2020,"5303",0
"854",2020,"5304",0
"855",2020,"5305",0
"856",2020,"5306",1
"857",2020,"5307",1
"858",2020,"5308",1
"859",2020,"5309",1
"860",2020,"5310",1
"861",2020,"5401",0
"862",2020,"5402",0
"863",2020,"5403",0
"864",2020,"5501",0
"865",2020,"5502",1
"866",2020,"5503",1
"867",2020,"5504",1
"868",2020,"5505",0
"869",2020,"5506",0
"870",2020,"5508",0
"871",2020,"5507",0
"872",2020,"5600",0
"873",2018,"0101",0
"874",2018,"0102",0
"875",2018,"0103",0
"876",2018,"0104",0
"877",2018,"0105",0
"878",2018,"0106",0
"879",2018,"0107",1
"880",2018,"0200",0
"881",2018,"0401",1
"882",2018,"0402",0
"883",2018,"0403",1
"884",2018,"0404",0
"885",2018,"0405",0
"886",2018,"0406",0
"887",2018,"0407",1
"888",2018,"0408",0
"889",2018,"0409",1
"890",2018,"0501",0
"891",2018,"0502",0
"892",2018,"0503",0
"893",2018,"0504",0
"894",2018,"0601",0
"895",2018,"0602",1
"896",2018,"0603",1
"897",2018,"0604",0
"898",2018,"0605",1
"899",2018,"0606",1
"900",2018,"0607",1
"901",2018,"0608",0
"902",2018,"0609",1
"903",2018,"0610",0
"904",2018,"0611",1
"905",2018,"0612",1
"906",2018,"0613",1
"907",2018,"0614",1
"908",2018,"0615",1
"909",2018,"0616",1
"910",2018,"0617",1
"911",2018,"0618",1
"912",2018,"0619",1
"913",2018,"0620",1
"914",2018,"0621",0
"915",2018,"0622",0
"916",2018,"0623",0
"917",2018,"0624",1
"918",2018,"0625",0
"919",2018,"0626",1
"920",2018,"0627",1
"921",2018,"0628",1
"922",2018,"0629",1
"923",2018,"0630",1
"924",2018,"0631",1
"925",2018,"0632",1
"926",2018,"0633",1
"927",2018,"0634",1
"928",2018,"0635",1
"929",2018,"0636",1
"930",2018,"0637",1
"931",2018,"0638",1
"932",2018,"0639",0
"933",2018,"0640",1
"934",2018,"0641",1
"935",2018,"0642",0
"936",2018,"0643",1
"937",2018,"0644",1
"938",2018,"0645",0
"939",2018,"0646",1
"940",2018,"0647",1
"941",2018,"0648",0
"942",2018,"0649",0
"943",2018,"0650",0
"944",2018,"0651",1
"945",2018,"0652",1
"946",2018,"0653",1
"947",2018,"0801",1
"948",2018,"0802",1
"949",2018,"0803",0
"950",2018,"0804",0
"951",2018,"0805",0
"952",2018,"0806",0
"953",2018,"0807",1
"954",2018,"0901",1
"955",2018,"0902",1
"956",2018,"0903",1
"957",2018,"0904",1
"958",2018,"1201",0
"959",2018,"0905",1
"960",2018,"1000",1
"961",2018,"1202",0
"962",2018,"1203",0
"963",2018,"1204",0
"964",2018,"1205",1
"965",2018,"1206",0
"966",2018,"1207",1
"967",2018,"1208",0
"968",2018,"1209",1
"969",2018,"1210",1
"970",2018,"1211",0
"971",2018,"1212",0
"972",2018,"1213",1
"973",2018,"1214",1
"974",2018,"1215",0
"975",2018,"1216",0
"976",2018,"1217",0
"977",2018,"1218",0
"978",2018,"1219",0
"979",2018,"1220",1
"980",2018,"1221",1
"981",2018,"1222",1
"982",2018,"1707",1
"983",2018,"1708",1
"984",2018,"1709",1
"985",2018,"1223",1
"986",2018,"1224",1
"987",2018,"1225",0
"988",2018,"1226",0
"989",2018,"1227",0
"990",2018,"1301",0
"991",2018,"1302",1
"992",2018,"1303",0
"993",2018,"1304",1
"994",2018,"1305",1
"995",2018,"1306",0
"996",2018,"1307",0
"997",2018,"1308",0
"998",2018,"1309",0
"999",2018,"1310",0
"1000",2018,"1311",0
"1001",2018,"1312",0
"1002",2018,"1313",1
"1003",2018,"1314",0
"1004",2018,"1501",1
"1005",2018,"1502",1
"1006",2018,"1601",0
"1007",2018,"1602",0
"1008",2018,"1701",1
"1009",2018,"1702",1
"1010",2018,"1703",1
"1011",2018,"1704",1
"1012",2018,"1705",1
"1013",2018,"1706",0
"1014",2018,"1710",1
"1015",2018,"1711",1
"1016",2018,"1712",0
"1017",2018,"1713",0
"1018",2018,"1714",0
"1019",2018,"1715",0
"1020",2018,"1716",0
"1021",2018,"1717",1
"1022",2018,"1718",0
"1023",2018,"1801",1
"1024",2018,"1802",0
"1025",2018,"1803",0
"1026",2018,"1804",0
"1027",2018,"1805",0
"1028",2018,"1806",0
"1029",2018,"1807",1
"1030",2018,"1808",0
"1031",2018,"1809",0
"1032",2018,"1901",0
"1033",2018,"1902",1
"1034",2018,"1903",0
"1035",2018,"1904",0
"1036",2018,"2001",0
"1037",2018,"2002",0
"1038",2018,"2003",0
"1039",2018,"2004",0
"1040",2018,"2101",0
"1041",2018,"2102",0
"1042",2018,"2103",1
"1043",2018,"2104",0
"1044",2018,"2105",0
"1045",2018,"2106",0
"1046",2018,"2201",0
"1047",2018,"2202",1
"1048",2018,"2203",0
"1049",2018,"2203",0
"1050",2018,"2204",0
"1051",2018,"2204",1
"1052",2018,"2205",0
"1053",2018,"2206",0
"1054",2018,"2301",1
"1055",2018,"2302",0
"1056",2018,"2401",0
"1057",2018,"2402",1
"1058",2018,"2403",1
"1059",2018,"2405",1
"1060",2018,"2502",1
"1061",2018,"2503",1
"1062",2018,"2404",1
"1063",2018,"2406",1
"1064",2018,"2407",1
"1065",2018,"2408",1
"1066",2018,"2501",1
"1067",2018,"2504",1
"1068",2018,"2505",1
"1069",2018,"2506",1
"1070",2018,"2507",1
"1071",2018,"2508",1
"1072",2018,"2509",1
"1073",2018,"2601",0
"1074",2018,"2602",0
"1075",2018,"2603",0
"1076",2018,"2604",0
"1077",2018,"2605",1
"1078",2018,"2606",0
"1079",2018,"2607",0
"1080",2018,"2905",1
"1081",2018,"2906",0
"1082",2018,"2608",0
"1083",2018,"2609",1
"1084",2018,"2610",0
"1085",2018,"2611",0
"1086",2018,"2612",1
"1087",2018,"2613",1
"1088",2018,"2614",1
"1089",2018,"2701",1
"1090",2018,"2702",0
"1091",2018,"2703",0
"1092",2018,"2704",1
"1093",2018,"2705",1
"1094",2018,"2706",0
"1095",2018,"2707",1
"1096",2018,"2708",1
"1097",2018,"2801",0
"1098",2018,"2802",1
"1099",2018,"2803",0
"1100",2018,"2804",0
"1101",2018,"2901",1
"1102",2018,"2902",0
"1103",2018,"2904",0
"1104",2018,"2903",0
"1105",2018,"2907",0
"1106",2018,"2908",0
"1107",2018,"3000",0
"1108",2018,"3101",0
"1109",2018,"3102",0
"1110",2018,"3103",0
"1111",2018,"3201",1
"1112",2018,"3202",0
"1113",2018,"3203",1
"1114",2018,"3204",1
"1115",2018,"3301",1
"1116",2018,"3302",1
"1117",2018,"3401",1
"1118",2018,"3402",0
"1119",2018,"3403",0
"1120",2018,"3404",0
"1121",2018,"3405",1
"1122",2018,"3406",1
"1123",2018,"3407",0
"1124",2018,"3408",1
"1125",2018,"3409",1
"1126",2018,"3410",1
"1127",2018,"3411",0
"1128",2018,"3412",1
"1129",2018,"3501",1
"1130",2018,"3502",0
"1131",2018,"3503",1
"1132",2018,"3601",0
"1133",2018,"3602",0
"1134",2018,"3603",1
"1135",2018,"3604",1
"1136",2018,"3605",1
"1137",2018,"3606",1
"1138",2018,"3607",1
"1139",2018,"3608",1
"1140",2018,"3609",1
"1141",2018,"3610",1
"1142",2018,"3611",0
"1143",2018,"3612",1
"1144",2018,"3613",1
"1145",2018,"3614",1
"1146",2018,"3615",1
"1147",2018,"3616",1
"1148",2018,"3617",1
"1149",2018,"3618",1
"1150",2018,"3619",0
"1151",2018,"3620",1
"1152",2018,"3621",0
"1153",2018,"3622",0
"1154",2018,"3623",0
"1155",2018,"3624",0
"1156",2018,"3625",1
"1157",2018,"3626",1
"1158",2018,"3627",0
"1159",2018,"3701",1
"1160",2018,"3702",0
"1161",2018,"3703",0
"1162",2018,"3704",1
"1163",2018,"3705",0
"1164",2018,"3706",0
"1165",2018,"3707",0
"1166",2018,"3708",0
"1167",2018,"3709",0
"1168",2018,"3710",0
"1169",2018,"3711",0
"1170",2018,"3712",1
"1171",2018,"3713",0
"1172",2018,"3800",0
"1173",2018,"3901",0
"1174",2018,"3902",0
"1175",2018,"3903",1
"1176",2018,"3904",0
"1177",2018,"3905",0
"1178",2018,"3906",0
"1179",2018,"3907",0
"1180",2018,"3908",0
"1181",2018,"3909",1
"1182",2018,"3910",0
"1183",2018,"3911",1
"1184",2018,"3912",0
"1185",2018,"3913",1
"1186",2018,"3914",0
"1187",2018,"3915",0
"1188",2018,"3916",0
"1189",2018,"4001",0
"1190",2018,"4002",0
"1191",2018,"4003",0
"1192",2018,"4004",0
"1193",2018,"4005",0
"1194",2018,"4101",1
"1195",2018,"4102",0
"1196",2018,"4103",1
"1197",2018,"4104",1
"1198",2018,"4105",1
"1199",2018,"4201",1
"1200",2018,"4202",1
"1201",2018,"4203",0
"1202",2018,"4204",0
"1203",2018,"4205",0
"1204",2018,"4206",0
"1205",2018,"4207",0
"1206",2018,"4208",0
"1207",2018,"4209",0
"1208",2018,"4210",0
"1209",2018,"4211",0
"1210",2018,"4212",0
"1211",2018,"4213",1
"1212",2018,"4214",1
"1213",2018,"4215",0
"1214",2018,"4216",0
"1215",2018,"4217",1
"1216",2018,"4218",0
"1217",2018,"4401",1
"1218",2018,"4402",1
"1219",2018,"4501",0
"1220",2018,"4502",0
"1221",2018,"4503",0
"1222",2018,"4504",0
"1223",2018,"4505",0
"1224",2018,"4506",1
"1225",2018,"4507",0
"1226",2018,"4600",0
"1227",2018,"4701",0
"1228",2018,"4702",0
"1229",2018,"4703",0
"1230",2018,"4704",0
"1231",2018,"4705",1
"1232",2018,"4706",0
"1233",2018,"4707",0
"1234",2018,"4708",0
"1235",2018,"4709",1
"1236",2018,"4801",0
"1237",2018,"4802",0
"1238",2018,"4803",0
"1239",2018,"4804",0
"1240",2018,"4805",0
"1241",2018,"4806",0
"1242",2018,"4807",0
"1243",2018,"4808",0
"1244",2018,"4809",1
"1245",2018,"4810",0
"1246",2018,"4811",0
"1247",2018,"4812",0
"1248",2018,"4813",0
"1249",2018,"4814",0
"1250",2018,"4815",1
"1251",2018,"4816",1
"1252",2018,"4817",0
"1253",2018,"4818",1
"1254",2018,"4819",0
"1255",2018,"4820",1
"1256",2018,"4821",0
"1257",2018,"4822",0
"1258",2018,"4823",0
"1259",2018,"4824",0
"1260",2018,"4825",0
"1261",2018,"4826",0
"1262",2018,"4827",0
"1263",2018,"4828",1
"1264",2018,"4829",1
"1265",2018,"4830",1
"1266",2018,"4831",0
"1267",2018,"4832",0
"1268",2018,"4833",1
"1269",2018,"4834",1
"1270",2018,"4835",1
"1271",2018,"4836",0
"1272",2018,"4901",0
"1273",2018,"4902",0
"1274",2018,"4903",0
"1275",2018,"4904",0
"1276",2018,"5000",1
"1277",2018,"5101",0
"1278",2018,"5102",0
"1279",2018,"5103",1
"1280",2018,"5104",1
"1281",2018,"5105",0
"1282",2018,"5106",0
"1283",2018,"5107",0
"1284",2018,"5108",1
"1285",2018,"5109",0
"1286",2018,"5110",0
"1287",2018,"5111",1
"1288",2018,"5301",1
"1289",2018,"5302",1
"1290",2018,"5303",0
"1291",2018,"5304",0
"1292",2018,"5305",0
"1293",2018,"5306",1
"1294",2018,"5307",1
"1295",2018,"5308",0
"1296",2018,"5309",1
"1297",2018,"5310",1
"1298",2018,"5401",0
"1299",2018,"5402",0
"1300",2018,"5403",0
"1301",2018,"5501",0
"1302",2018,"5502",1
"1303",2018,"5503",1
"1304",2018,"5505",0
"1305",2018,"5506",0
"1306",2018,"5507",0
"1307",2018,"5504",1
"1308",2018,"5508",0
"1309",2018,"5600",0
"1310",2016,"0101",0
"1311",2016,"0102",0
"1312",2016,"0103",0
"1313",2016,"0104",0
"1314",2016,"0105",0
"1315",2016,"0106",0
"1316",2016,"0107",1
"1317",2016,"0200",0
"1318",2016,"0401",1
"1319",2016,"0402",0
"1320",2016,"0403",1
"1321",2016,"0404",0
"1322",2016,"0405",0
"1323",2016,"0406",0
"1324",2016,"0407",1
"1325",2016,"0408",0
"1326",2016,"0409",1
"1327",2016,"0501",0
"1328",2016,"0502",0
"1329",2016,"0503",0
"1330",2016,"0504",0
"1331",2016,"0601",0
"1332",2016,"0602",1
"1333",2016,"0603",1
"1334",2016,"0604",0
"1335",2016,"0605",1
"1336",2016,"0606",1
"1337",2016,"0607",1
"1338",2016,"0608",0
"1339",2016,"0609",1
"1340",2016,"0610",0
"1341",2016,"0611",1
"1342",2016,"0612",1
"1343",2016,"0613",1
"1344",2016,"0614",1
"1345",2016,"0615",1
"1346",2016,"0616",1
"1347",2016,"0617",1
"1348",2016,"0618",1
"1349",2016,"0619",1
"1350",2016,"0620",1
"1351",2016,"0621",0
"1352",2016,"0622",0
"1353",2016,"0623",0
"1354",2016,"0624",1
"1355",2016,"0625",0
"1356",2016,"0626",1
"1357",2016,"0627",1
"1358",2016,"0628",1
"1359",2016,"0629",1
"1360",2016,"0630",1
"1361",2016,"0631",1
"1362",2016,"0632",1
"1363",2016,"0633",1
"1364",2016,"0634",1
"1365",2016,"0635",1
"1366",2016,"0636",1
"1367",2016,"0637",1
"1368",2016,"0638",1
"1369",2016,"0639",0
"1370",2016,"0640",1
"1371",2016,"0641",1
"1372",2016,"0642",0
"1373",2016,"0643",1
"1374",2016,"0644",1
"1375",2016,"0645",0
"1376",2016,"0646",1
"1377",2016,"0647",1
"1378",2016,"0648",0
"1379",2016,"0649",0
"1380",2016,"0650",0
"1381",2016,"0651",1
"1382",2016,"0652",1
"1383",2016,"0653",1
"1384",2016,"0801",1
"1385",2016,"0802",1
"1386",2016,"0803",0
"1387",2016,"0804",0
"1388",2016,"0805",0
"1389",2016,"0806",0
"1390",2016,"0807",1
"1391",2016,"0901",1
"1392",2016,"0902",1
"1393",2016,"0903",1
"1394",2016,"0904",1
"1395",2016,"0905",1
"1396",2016,"1000",1
"1397",2016,"1201",0
"1398",2016,"1202",1
"1399",2016,"1203",0
"1400",2016,"1204",0
"1401",2016,"1205",1
"1402",2016,"1206",0
"1403",2016,"1207",0
"1404",2016,"1208",0
"1405",2016,"1209",1
"1406",2016,"1210",0
"1407",2016,"1211",0
"1408",2016,"1212",0
"1409",2016,"1213",0
"1410",2016,"1214",1
"1411",2016,"1215",0
"1412",2016,"1216",0
"1413",2016,"1217",0
"1414",2016,"1218",1
"1415",2016,"1219",0
"1416",2016,"1220",1
"1417",2016,"1221",1
"1418",2016,"1222",1
"1419",2016,"1223",1
"1420",2016,"1224",1
"1421",2016,"1225",0
"1422",2016,"1226",0
"1423",2016,"1227",0
"1424",2016,"1301",0
"1425",2016,"1302",1
"1426",2016,"1303",0
"1427",2016,"1304",1
"1428",2016,"1305",1
"1429",2016,"1306",0
"1430",2016,"1307",0
"1431",2016,"1308",0
"1432",2016,"1309",0
"1433",2016,"1310",0
"1434",2016,"1311",0
"1435",2016,"1312",0
"1436",2016,"1313",1
"1437",2016,"1314",0
"1438",2016,"1501",1
"1439",2016,"1502",1
"1440",2016,"1601",0
"1441",2016,"1602",0
"1442",2016,"1701",1
"1443",2016,"1702",1
"1444",2016,"1703",1
"1445",2016,"1704",1
"1446",2016,"1705",1
"1447",2016,"1706",0
"1448",2016,"1707",1
"1449",2016,"1708",1
"1450",2016,"1709",1
"1451",2016,"1710",0
"1452",2016,"1711",1
"1453",2016,"1712",0
"1454",2016,"1713",0
"1455",2016,"1714",0
"1456",2016,"1715",0
"1457",2016,"1716",0
"1458",2016,"1717",1
"1459",2016,"1718",0
"1460",2016,"1801",1
"1461",2016,"1802",0
"1462",2016,"1803",0
"1463",2016,"1804",0
"1464",2016,"1805",0
"1465",2016,"1806",0
"1466",2016,"1807",1
"1467",2016,"1808",0
"1468",2016,"1809",0
"1469",2016,"1901",0
"1470",2016,"1902",1
"1471",2016,"1903",0
"1472",2016,"1904",0
"1473",2016,"2001",0
"1474",2016,"2002",0
"1475",2016,"2003",0
"1476",2016,"2004",0
"1477",2016,"2101",0
"1478",2016,"2102",0
"1479",2016,"2103",1
"1480",2016,"2104",0
"1481",2016,"2105",0
"1482",2016,"2106",0
"1483",2016,"2201",0
"1484",2016,"2202",1
"1485",2016,"2203",0
"1486",2016,"2204",0
"1487",2016,"2205",1
"1488",2016,"2205",0
"1489",2016,"2206",0
"1490",2016,"2301",1
"1491",2016,"2302",0
"1492",2016,"2401",0
"1493",2016,"2402",1
"1494",2016,"2403",1
"1495",2016,"2404",1
"1496",2016,"2405",1
"1497",2016,"2406",1
"1498",2016,"2407",1
"1499",2016,"2501",1
"1500",2016,"2502",1
"1501",2016,"2408",1
"1502",2016,"2503",1
"1503",2016,"2504",1
"1504",2016,"2505",1
"1505",2016,"2506",1
"1506",2016,"2507",1
"1507",2016,"2508",1
"1508",2016,"2509",1
"1509",2016,"2601",0
"1510",2016,"2602",0
"1511",2016,"2603",0
"1512",2016,"2604",0
"1513",2016,"2605",1
"1514",2016,"2606",0
"1515",2016,"2607",0
"1516",2016,"2608",0
"1517",2016,"2609",1
"1518",2016,"2610",0
"1519",2016,"2611",0
"1520",2016,"2612",1
"1521",2016,"2613",1
"1522",2016,"3202",0
"1523",2016,"3301",0
"1524",2016,"2614",1
"1525",2016,"2701",1
"1526",2016,"2702",0
"1527",2016,"2703",0
"1528",2016,"2704",1
"1529",2016,"2705",1
"1530",2016,"2706",0
"1531",2016,"2707",1
"1532",2016,"2708",1
"1533",2016,"2801",0
"1534",2016,"2802",1
"1535",2016,"2803",0
"1536",2016,"2804",0
"1537",2016,"2901",1
"1538",2016,"2902",0
"1539",2016,"2903",0
"1540",2016,"2904",0
"1541",2016,"2905",1
"1542",2016,"2906",0
"1543",2016,"3000",0
"1544",2016,"3101",0
"1545",2016,"3102",1
"1546",2016,"3103",0
"1547",2016,"3201",1
"1548",2016,"2907",0
"1549",2016,"2908",0
"1550",2016,"3203",0
"1551",2016,"3204",0
"1552",2016,"3302",1
"1553",2016,"3401",1
"1554",2016,"3402",0
"1555",2016,"3403",0
"1556",2016,"3404",0
"1557",2016,"3405",0
"1558",2016,"3406",1
"1559",2016,"3407",0
"1560",2016,"3408",1
"1561",2016,"3409",1
"1562",2016,"3410",1
"1563",2016,"3411",0
"1564",2016,"3412",1
"1565",2016,"3501",1
"1566",2016,"3502",0
"1567",2016,"3503",1
"1568",2016,"3601",0
"1569",2016,"3602",0
"1570",2016,"3603",1
"1571",2016,"3604",1
"1572",2016,"3605",1
"1573",2016,"3606",1
"1574",2016,"3607",1
"1575",2016,"3608",1
"1576",2016,"3609",1
"1577",2016,"3610",1
"1578",2016,"3611",0
"1579",2016,"3612",1
"1580",2016,"3613",1
"1581",2016,"3614",1
"1582",2016,"3615",1
"1583",2016,"3616",1
"1584",2016,"3617",1
"1585",2016,"3618",1
"1586",2016,"3619",0
"1587",2016,"3620",1
"1588",2016,"3621",0
"1589",2016,"3622",0
"1590",2016,"3623",0
"1591",2016,"3624",0
"1592",2016,"3625",1
"1593",2016,"3626",1
"1594",2016,"3627",0
"1595",2016,"3701",1
"1596",2016,"3702",0
"1597",2016,"3703",0
"1598",2016,"3704",1
"1599",2016,"3705",0
"1600",2016,"3706",0
"1601",2016,"3707",0
"1602",2016,"3708",0
"1603",2016,"3709",0
"1604",2016,"3710",0
"1605",2016,"3711",0
"1606",2016,"3712",1
"1607",2016,"3713",0
"1608",2016,"3800",0
"1609",2016,"3901",0
"1610",2016,"3902",0
"1611",2016,"3903",1
"1612",2016,"3904",0
"1613",2016,"3905",0
"1614",2016,"3906",0
"1615",2016,"3907",0
"1616",2016,"3908",0
"1617",2016,"3909",1
"1618",2016,"3910",0
"1619",2016,"3911",1
"1620",2016,"3912",0
"1621",2016,"3913",1
"1622",2016,"3914",0
"1623",2016,"3915",0
"1624",2016,"3916",0
"1625",2016,"4001",0
"1626",2016,"4002",0
"1627",2016,"4003",0
"1628",2016,"4004",0
"1629",2016,"4005",0
"1630",2016,"4101",1
"1631",2016,"4102",0
"1632",2016,"4103",1
"1633",2016,"4104",1
"1634",2016,"4105",1
"1635",2016,"4201",1
"1636",2016,"4202",1
"1637",2016,"4203",0
"1638",2016,"4204",0
"1639",2016,"4205",0
"1640",2016,"4206",0
"1641",2016,"4207",0
"1642",2016,"4208",0
"1643",2016,"4209",0
"1644",2016,"4210",0
"1645",2016,"4211",0
"1646",2016,"4212",0
"1647",2016,"4213",1
"1648",2016,"4214",1
"1649",2016,"4215",0
"1650",2016,"4216",0
"1651",2016,"4217",1
"1652",2016,"4218",0
"1653",2016,"4401",1
"1654",2016,"4402",1
"1655",2016,"4501",0
"1656",2016,"4502",0
"1657",2016,"4503",0
"1658",2016,"4504",0
"1659",2016,"4505",0
"1660",2016,"4506",1
"1661",2016,"4507",0
"1662",2016,"4600",0
"1663",2016,"4701",0
"1664",2016,"4702",0
"1665",2016,"4703",0
"1666",2016,"4704",0
"1667",2016,"4705",1
"1668",2016,"4706",0
"1669",2016,"4707",0
"1670",2016,"4801",0
"1671",2016,"4802",0
"1672",2016,"4803",0
"1673",2016,"4804",0
"1674",2016,"4708",0
"1675",2016,"4709",1
"1676",2016,"4805",0
"1677",2016,"4806",0
"1678",2016,"4807",0
"1679",2016,"4808",0
"1680",2016,"4809",1
"1681",2016,"4810",0
"1682",2016,"4811",0
"1683",2016,"4812",0
"1684",2016,"4813",0
"1685",2016,"4814",0
"1686",2016,"4815",1
"1687",2016,"4816",1
"1688",2016,"4817",0
"1689",2016,"4818",1
"1690",2016,"4819",0
"1691",2016,"4820",1
"1692",2016,"4821",0
"1693",2016,"4822",0
"1694",2016,"4823",0
"1695",2016,"4824",0
"1696",2016,"4825",0
"1697",2016,"4826",0
"1698",2016,"4827",0
"1699",2016,"4828",1
"1700",2016,"4829",1
"1701",2016,"4830",1
"1702",2016,"4831",0
"1703",2016,"4832",0
"1704",2016,"4833",1
"1705",2016,"4834",1
"1706",2016,"4835",1
"1707",2016,"4836",0
"1708",2016,"4901",0
"1709",2016,"4902",0
"1710",2016,"4903",0
"1711",2016,"4904",0
"1712",2016,"5000",1
"1713",2016,"5101",0
"1714",2016,"5102",0
"1715",2016,"5103",1
"1716",2016,"5104",0
"1717",2016,"5105",0
"1718",2016,"5107",0
"1719",2016,"5109",0
"1720",2016,"5301",1
"1721",2016,"5302",1
"1722",2016,"5106",0
"1723",2016,"5108",1
"1724",2016,"5110",0
"1725",2016,"5111",1
"1726",2016,"5303",0
"1727",2016,"5304",0
"1728",2016,"5305",0
"1729",2016,"5306",1
"1730",2016,"5307",1
"1731",2016,"5308",0
"1732",2016,"5309",1
"1733",2016,"5310",1
"1734",2016,"5401",0
"1735",2016,"5402",0
"1736",2016,"5403",0
"1737",2016,"5501",0
"1738",2016,"5502",1
"1739",2016,"5503",1
"1740",2016,"5504",1
"1741",2016,"5505",0
"1742",2016,"5506",0
"1743",2016,"5507",0
"1744",2016,"5508",0
"1745",2016,"5600",0
"1746",2014,"0101",0
"1747",2014,"0102",0
"1748",2014,"0103",0
"1749",2014,"0104",0
"1750",2014,"0105",0
"1751",2014,"0106",0
"1752",2014,"0107",1
"1753",2014,"0200",0
"1754",2014,"0401",1
"1755",2014,"0402",1
"1756",2014,"0403",1
"1757",2014,"0404",0
"1758",2014,"0405",0
"1759",2014,"0406",0
"1760",2014,"0407",1
"1761",2014,"0408",0
"1762",2014,"0409",1
"1763",2014,"0501",0
"1764",2014,"0502",0
"1765",2014,"0503",0
"1766",2014,"0504",0
"1767",2014,"0601",0
"1768",2014,"0602",1
"1769",2014,"0603",1
"1770",2014,"0604",0
"1771",2014,"0605",1
"1772",2014,"0606",1
"1773",2014,"0607",1
"1774",2014,"0608",0
"1775",2014,"0609",1
"1776",2014,"0610",0
"1777",2014,"0611",1
"1778",2014,"0612",1
"1779",2014,"0613",1
"1780",2014,"0614",1
"1781",2014,"0615",1
"1782",2014,"0616",1
"1783",2014,"0617",1
"1784",2014,"0618",1
"1785",2014,"0619",1
"1786",2014,"0620",1
"1787",2014,"0621",0
"1788",2014,"0622",0
"1789",2014,"0623",0
"1790",2014,"0624",1
"1791",2014,"0625",0
"1792",2014,"0626",1
"1793",2014,"0627",1
"1794",2014,"0628",1
"1795",2014,"0629",1
"1796",2014,"0630",1
"1797",2014,"0631",0
"1798",2014,"0632",1
"1799",2014,"0633",1
"1800",2014,"0634",1
"1801",2014,"0635",1
"1802",2014,"0636",1
"1803",2014,"0637",1
"1804",2014,"0638",1
"1805",2014,"0639",0
"1806",2014,"0640",1
"1807",2014,"0641",1
"1808",2014,"0642",0
"1809",2014,"0643",1
"1810",2014,"0644",1
"1811",2014,"0645",0
"1812",2014,"0646",1
"1813",2014,"0647",1
"1814",2014,"0648",0
"1815",2014,"0649",0
"1816",2014,"0650",0
"1817",2014,"0651",1
"1818",2014,"0652",1
"1819",2014,"0653",1
"1820",2014,"0801",1
"1821",2014,"0802",1
"1822",2014,"0803",0
"1823",2014,"0804",0
"1824",2014,"0806",0
"1825",2014,"0807",1
"1826",2014,"0901",1
"1827",2014,"0902",1
"1828",2014,"0805",0
"1829",2014,"0903",1
"1830",2014,"0904",1
"1831",2014,"0905",1
"1832",2014,"1000",1
"1833",2014,"1201",0
"1834",2014,"1202",0
"1835",2014,"1203",0
"1836",2014,"1204",0
"1837",2014,"1205",1
"1838",2014,"1206",0
"1839",2014,"1207",0
"1840",2014,"1208",0
"1841",2014,"1209",1
"1842",2014,"1210",0
"1843",2014,"1211",0
"1844",2014,"1212",0
"1845",2014,"1213",0
"1846",2014,"1214",1
"1847",2014,"1215",0
"1848",2014,"1216",0
"1849",2014,"1217",0
"1850",2014,"1218",1
"1851",2014,"1219",0
"1852",2014,"1220",1
"1853",2014,"1221",1
"1854",2014,"1222",1
"1855",2014,"1223",1
"1856",2014,"1224",1
"1857",2014,"1225",0
"1858",2014,"1226",1
"1859",2014,"1227",0
"1860",2014,"1301",0
"1861",2014,"1302",1
"1862",2014,"1303",0
"1863",2014,"1304",1
"1864",2014,"1305",1
"1865",2014,"1306",0
"1866",2014,"1307",0
"1867",2014,"1308",0
"1868",2014,"1309",0
"1869",2014,"1310",0
"1870",2014,"1311",0
"1871",2014,"1312",1
"1872",2014,"1313",1
"1873",2014,"1314",0
"1874",2014,"1501",1
"1875",2014,"1502",1
"1876",2014,"1601",0
"1877",2014,"1602",0
"1878",2014,"1701",1
"1879",2014,"1702",1
"1880",2014,"1703",1
"1881",2014,"1704",1
"1882",2014,"1705",1
"1883",2014,"1706",0
"1884",2014,"1707",1
"1885",2014,"1708",1
"1886",2014,"1709",1
"1887",2014,"1710",1
"1888",2014,"1711",1
"1889",2014,"1712",1
"1890",2014,"1713",0
"1891",2014,"1714",0
"1892",2014,"1715",0
"1893",2014,"1716",0
"1894",2014,"1717",1
"1895",2014,"1718",0
"1896",2014,"1801",1
"1897",2014,"1802",0
"1898",2014,"1803",0
"1899",2014,"1804",0
"1900",2014,"1805",0
"1901",2014,"1806",0
"1902",2014,"1807",1
"1903",2014,"1808",0
"1904",2014,"1809",0
"1905",2014,"1902",1
"1906",2014,"1904",0
"1907",2014,"2001",0
"1908",2014,"1901",1
"1909",2014,"1903",0
"1910",2014,"2002",0
"1911",2014,"2003",0
"1912",2014,"2004",0
"1913",2014,"2101",0
"1914",2014,"2102",0
"1915",2014,"2103",1
"1916",2014,"2104",0
"1917",2014,"2105",0
"1918",2014,"2106",0
"1919",2014,"2201",0
"1920",2014,"2202",1
"1921",2014,"2203",0
"1922",2014,"2203",0
"1923",2014,"2204",0
"1924",2014,"2205",0
"1925",2014,"2206",0
"1926",2014,"2301",1
"1927",2014,"2302",1
"1928",2014,"2607",0
"1929",2014,"2608",0
"1930",2014,"2610",0
"1931",2014,"2612",1
"1932",2014,"2401",0
"1933",2014,"2402",1
"1934",2014,"2403",1
"1935",2014,"2404",1
"1936",2014,"2405",1
"1937",2014,"2406",1
"1938",2014,"2407",1
"1939",2014,"2408",1
"1940",2014,"2501",1
"1941",2014,"2502",1
"1942",2014,"2503",1
"1943",2014,"2504",1
"1944",2014,"2505",1
"1945",2014,"2506",1
"1946",2014,"2507",1
"1947",2014,"2508",1
"1948",2014,"2509",1
"1949",2014,"2601",0
"1950",2014,"2603",0
"1951",2014,"2605",1
"1952",2014,"2606",0
"1953",2014,"2602",0
"1954",2014,"2604",0
"1955",2014,"2609",1
"1956",2014,"2611",0
"1957",2014,"2613",1
"1958",2014,"2614",1
"1959",2014,"2701",1
"1960",2014,"2702",0
"1961",2014,"2703",0
"1962",2014,"2704",1
"1963",2014,"2705",1
"1964",2014,"2706",0
"1965",2014,"2707",1
"1966",2014,"2708",1
"1967",2014,"2801",0
"1968",2014,"2802",1
"1969",2014,"2803",0
"1970",2014,"2804",0
"1971",2014,"2901",1
"1972",2014,"2902",0
"1973",2014,"2903",0
"1974",2014,"2904",0
"1975",2014,"2905",1
"1976",2014,"2906",0
"1977",2014,"2907",0
"1978",2014,"2908",0
"1979",2014,"3000",0
"1980",2014,"3101",0
"1981",2014,"3102",0
"1982",2014,"3103",0
"1983",2014,"3201",1
"1984",2014,"3202",0
"1985",2014,"3203",0
"1986",2014,"3204",1
"1987",2014,"3301",1
"1988",2014,"3302",1
"1989",2014,"3401",1
"1990",2014,"3402",0
"1991",2014,"3403",0
"1992",2014,"3404",0
"1993",2014,"3405",0
"1994",2014,"3407",0
"1995",2014,"3409",1
"1996",2014,"3410",1
"1997",2014,"3406",1
"1998",2014,"3408",1
"1999",2014,"3411",0
"2000",2014,"3412",1
"2001",2014,"3501",1
"2002",2014,"3502",0
"2003",2014,"3503",1
"2004",2014,"3601",1
"2005",2014,"3602",0
"2006",2014,"3603",1
"2007",2014,"3604",1
"2008",2014,"3605",1
"2009",2014,"3606",1
"2010",2014,"3607",1
"2011",2014,"3608",1
"2012",2014,"3609",1
"2013",2014,"3610",1
"2014",2014,"3611",0
"2015",2014,"3612",1
"2016",2014,"3613",1
"2017",2014,"3614",1
"2018",2014,"3615",1
"2019",2014,"3616",1
"2020",2014,"3617",1
"2021",2014,"3618",1
"2022",2014,"3619",0
"2023",2014,"3620",1
"2024",2014,"3621",1
"2025",2014,"3622",0
"2026",2014,"3623",0
"2027",2014,"3624",1
"2028",2014,"3625",1
"2029",2014,"3626",1
"2030",2014,"3627",0
"2031",2014,"3701",1
"2032",2014,"3702",0
"2033",2014,"3703",0
"2034",2014,"3704",1
"2035",2014,"3705",0
"2036",2014,"3706",0
"2037",2014,"3707",1
"2038",2014,"3708",0
"2039",2014,"3709",0
"2040",2014,"3710",0
"2041",2014,"3711",0
"2042",2014,"3712",1
"2043",2014,"3713",0
"2044",2014,"3800",0
"2045",2014,"3901",0
"2046",2014,"3902",0
"2047",2014,"3903",1
"2048",2014,"3904",0
"2049",2014,"3905",0
"2050",2014,"3906",0
"2051",2014,"3907",0
"2052",2014,"3908",0
"2053",2014,"3909",1
"2054",2014,"3910",0
"2055",2014,"3911",1
"2056",2014,"3912",0
"2057",2014,"3913",1
"2058",2014,"3914",0
"2059",2014,"3915",0
"2060",2014,"3916",0
"2061",2014,"4001",0
"2062",2014,"4002",0
"2063",2014,"4003",0
"2064",2014,"4004",0
"2065",2014,"4005",0
"2066",2014,"4101",1
"2067",2014,"4102",0
"2068",2014,"4104",1
"2069",2014,"4201",1
"2070",2014,"4202",1
"2071",2014,"4103",1
"2072",2014,"4105",1
"2073",2014,"4203",0
"2074",2014,"4204",0
"2075",2014,"4205",0
"2076",2014,"4206",0
"2077",2014,"4207",0
"2078",2014,"4208",0
"2079",2014,"4209",0
"2080",2014,"4210",0
"2081",2014,"4211",0
"2082",2014,"4212",0
"2083",2014,"4213",1
"2084",2014,"4214",1
"2085",2014,"4215",0
"2086",2014,"4216",0
"2087",2014,"4217",1
"2088",2014,"4218",0
"2089",2014,"4401",1
"2090",2014,"4402",1
"2091",2014,"4501",0
"2092",2014,"4502",0
"2093",2014,"4503",0
"2094",2014,"4504",0
"2095",2014,"4505",0
"2096",2014,"4506",1
"2097",2014,"4507",0
"2098",2014,"4600",0
"2099",2014,"4701",0
"2100",2014,"4702",0
"2101",2014,"4703",0
"2102",2014,"4704",0
"2103",2014,"4705",1
"2104",2014,"4706",0
"2105",2014,"4707",0
"2106",2014,"4708",0
"2107",2014,"4709",1
"2108",2014,"4801",0
"2109",2014,"4802",0
"2110",2014,"4803",0
"2111",2014,"4804",0
"2112",2014,"4805",0
"2113",2014,"4806",0
"2114",2014,"4807",0
"2115",2014,"4808",0
"2116",2014,"4809",1
"2117",2014,"4810",0
"2118",2014,"4811",0
"2119",2014,"4812",0
"2120",2014,"4813",0
"2121",2014,"4814",0
"2122",2014,"4815",1
"2123",2014,"4816",1
"2124",2014,"4817",0
"2125",2014,"4818",1
"2126",2014,"4819",0
"2127",2014,"4820",1
"2128",2014,"4821",0
"2129",2014,"4822",0
"2130",2014,"4823",1
"2131",2014,"4824",0
"2132",2014,"4825",0
"2133",2014,"4826",0
"2134",2014,"4827",0
"2135",2014,"4828",1
"2136",2014,"4829",1
"2137",2014,"4830",1
"2138",2014,"4831",0
"2139",2014,"4832",0
"2140",2014,"4833",1
"2141",2014,"4834",1
"2142",2014,"4836",0
"2143",2014,"4901",0
"2144",2014,"4903",0
"2145",2014,"4904",1
"2146",2014,"4835",1
"2147",2014,"4902",0
"2148",2014,"5000",1
"2149",2014,"5101",0
"2150",2014,"5102",0
"2151",2014,"5103",1
"2152",2014,"5104",0
"2153",2014,"5105",0
"2154",2014,"5106",0
"2155",2014,"5107",0
"2156",2014,"5108",1
"2157",2014,"5109",0
"2158",2014,"5110",0
"2159",2014,"5111",1
"2160",2014,"5301",1
"2161",2014,"5302",1
"2162",2014,"5303",0
"2163",2014,"5304",0
"2164",2014,"5305",0
"2165",2014,"5306",1
"2166",2014,"5307",1
"2167",2014,"5308",0
"2168",2014,"5309",1
"2169",2014,"5310",1
"2170",2014,"5401",0
"2171",2014,"5402",0
"2172",2014,"5403",1
"2173",2014,"5501",0
"2174",2014,"5502",1
"2175",2014,"5503",1
"2176",2014,"5504",1
"2177",2014,"5505",0
"2178",2014,"5506",0
"2179",2014,"5507",0
"2180",2014,"5508",0
"2181",2014,"5600",0
"2182",2012,"0101",0
"2183",2012,"0102",0
"2184",2012,"0103",0
"2185",2012,"0104",0
"2186",2012,"0105",0
"2187",2012,"0106",0
"2188",2012,"0107",1
"2189",2012,"0200",0
"2190",2012,"0401",0
"2191",2012,"0402",0
"2192",2012,"0403",0
"2193",2012,"0404",1
"2194",2012,"0405",0
"2195",2012,"0406",0
"2196",2012,"0407",1
"2197",2012,"0408",1
"2198",2012,"0501",0
"2199",2012,"0502",0
"2200",2012,"0503",0
"2201",2012,"0504",1
"2202",2012,"0601",1
"2203",2012,"0602",0
"2204",2012,"0603",0
"2205",2012,"0604",0
"2206",2012,"0605",1
"2207",2012,"0606",1
"2208",2012,"0607",1
"2209",2012,"0608",1
"2210",2012,"0609",1
"2211",2012,"0610",1
"2212",2012,"0611",1
"2213",2012,"0612",1
"2214",2012,"0613",1
"2215",2012,"0614",1
"2216",2012,"0615",1
"2217",2012,"0616",1
"2218",2012,"0617",1
"2219",2012,"0618",1
"2220",2012,"0619",0
"2221",2012,"0620",1
"2222",2012,"0621",0
"2223",2012,"0622",0
"2224",2012,"0623",1
"2225",2012,"0624",0
"2226",2012,"0625",0
"2227",2012,"0626",0
"2228",2012,"0627",1
"2229",2012,"0628",1
"2230",2012,"0629",1
"2231",2012,"0630",1
"2232",2012,"0631",1
"2233",2012,"0632",1
"2234",2012,"0633",1
"2235",2012,"0634",1
"2236",2012,"0635",1
"2237",2012,"0636",1
"2238",2012,"0637",1
"2239",2012,"0638",1
"2240",2012,"0639",1
"2241",2012,"0640",0
"2242",2012,"0641",0
"2243",2012,"0642",0
"2244",2012,"0643",1
"2245",2012,"0644",0
"2246",2012,"0645",0
"2247",2012,"0646",0
"2248",2012,"0647",1
"2249",2012,"0648",0
"2250",2012,"0649",0
"2251",2012,"0650",0
"2252",2012,"0651",1
"2253",2012,"0652",0
"2254",2012,"0653",1
"2255",2012,"0801",1
"2256",2012,"0802",1
"2257",2012,"0803",0
"2258",2012,"0804",0
"2259",2012,"0805",0
"2260",2012,"0806",0
"2261",2012,"0807",1
"2262",2012,"0901",1
"2263",2012,"0902",1
"2264",2012,"0903",1
"2265",2012,"0904",1
"2266",2012,"0905",1
"2267",2012,"1000",1
"2268",2012,"1201",0
"2269",2012,"1202",0
"2270",2012,"1203",1
"2271",2012,"1204",0
"2272",2012,"1205",0
"2273",2012,"1206",0
"2274",2012,"1207",0
"2275",2012,"1208",0
"2276",2012,"1209",0
"2277",2012,"1210",0
"2278",2012,"1211",1
"2279",2012,"1212",0
"2280",2012,"1213",0
"2281",2012,"1214",0
"2282",2012,"1215",0
"2283",2012,"1216",0
"2284",2012,"1217",1
"2285",2012,"1218",0
"2286",2012,"1219",1
"2287",2012,"1220",1
"2288",2012,"1221",0
"2289",2012,"1222",0
"2290",2012,"1223",1
"2291",2012,"1224",0
"2292",2012,"1225",0
"2293",2012,"1301",0
"2294",2012,"1302",1
"2295",2012,"1303",0
"2296",2012,"1304",1
"2297",2012,"1305",1
"2298",2012,"1306",0
"2299",2012,"1307",0
"2300",2012,"1308",0
"2301",2012,"1309",0
"2302",2012,"1310",0
"2303",2012,"1311",0
"2304",2012,"1312",1
"2305",2012,"1313",1
"2306",2012,"1501",1
"2307",2012,"1502",1
"2308",2012,"1601",0
"2309",2012,"1602",0
"2310",2012,"1701",1
"2311",2012,"1702",1
"2312",2012,"1703",1
"2313",2012,"1704",1
"2314",2012,"1705",1
"2315",2012,"1706",0
"2316",2012,"1707",1
"2317",2012,"1708",0
"2318",2012,"1709",1
"2319",2012,"1710",0
"2320",2012,"1711",0
"2321",2012,"1712",1
"2322",2012,"1713",0
"2323",2012,"1714",0
"2324",2012,"1715",0
"2325",2012,"1716",0
"2326",2012,"1717",0
"2327",2012,"1718",0
"2328",2012,"1719",0
"2329",2012,"1801",1
"2330",2012,"1802",1
"2331",2012,"1803",0
"2332",2012,"1804",0
"2333",2012,"1805",0
"2334",2012,"1806",0
"2335",2012,"1807",1
"2336",2012,"1808",0
"2337",2012,"1809",0
"2338",2012,"1901",1
"2339",2012,"1902",1
"2340",2012,"1903",1
"2341",2012,"1904",0
"2342",2012,"1905",0
"2343",2012,"2001",0
"2344",2012,"2002",0
"2345",2012,"2003",0
"2346",2012,"2004",0
"2347",2012,"2101",0
"2348",2012,"2102",0
"2349",2012,"2103",1
"2350",2012,"2104",0
"2351",2012,"2105",0
"2352",2012,"2106",1
"2353",2012,"2201",0
"2354",2012,"2202",1
"2355",2012,"2203",0
"2356",2012,"2204",0
"2357",2012,"2205",0
"2358",2012,"2206",0
"2359",2012,"2207",0
"2360",2012,"2301",1
"2361",2012,"2302",1
"2362",2012,"2401",0
"2363",2012,"2402",1
"2364",2012,"2403",1
"2365",2012,"2404",1
"2366",2012,"2405",1
"2367",2012,"2406",0
"2368",2012,"2407",1
"2369",2012,"2408",1
"2370",2012,"2501",1
"2371",2012,"2502",1
"2372",2012,"2503",1
"2373",2012,"2504",1
"2374",2012,"2505",1
"2375",2012,"2506",1
"2376",2012,"2507",1
"2377",2012,"2508",1
"2378",2012,"2509",1
"2379",2012,"2510",1
"2380",2012,"2601",0
"2381",2012,"2701",1
"2382",2012,"2702",0
"2383",2012,"2703",0
"2384",2012,"2704",1
"2385",2012,"2705",1
"2386",2012,"2706",0
"2387",2012,"2707",1
"2388",2012,"2708",0
"2389",2012,"2801",0
"2390",2012,"2802",1
"2391",2012,"2803",0
"2392",2012,"2804",0
"2393",2012,"2901",1
"2394",2012,"2902",0
"2395",2012,"2903",1
"2396",2012,"2904",0
"2397",2012,"2905",1
"2398",2012,"2906",0
"2399",2012,"2907",0
"2400",2012,"2908",0
"2401",2012,"2909",0
"2402",2012,"3000",0
"2403",2012,"3101",0
"2404",2012,"3102",0
"2405",2012,"3103",0
"2406",2012,"3201",1
"2407",2012,"3202",0
"2408",2012,"3203",0
"2409",2012,"3301",0
"2410",2012,"3302",0
"2411",2012,"3401",1
"2412",2012,"3402",0
"2413",2012,"3403",0
"2414",2012,"3404",0
"2415",2012,"3405",0
"2416",2012,"3406",1
"2417",2012,"3407",0
"2418",2012,"3408",1
"2419",2012,"3409",1
"2420",2012,"3410",1
"2421",2012,"3411",0
"2422",2012,"3412",1
"2423",2012,"3413",1
"2424",2012,"3501",1
"2425",2012,"3502",0
"2426",2012,"3503",1
"2427",2012,"3601",1
"2428",2012,"3602",1
"2429",2012,"3603",0
"2430",2012,"3604",1
"2431",2012,"3605",1
"2432",2012,"3606",1
"2433",2012,"3607",1
"2434",2012,"3608",1
"2435",2012,"3609",1
"2436",2012,"3610",1
"2437",2012,"3611",1
"2438",2012,"3612",1
"2439",2012,"3613",0
"2440",2012,"3614",1
"2441",2012,"3615",1
"2442",2012,"3616",1
"2443",2012,"3617",1
"2444",2012,"3618",1
"2445",2012,"3619",0
"2446",2012,"3620",0
"2447",2012,"3621",1
"2448",2012,"3622",1
"2449",2012,"3623",1
"2450",2012,"3624",0
"2451",2012,"3625",0
"2452",2012,"3626",0
"2453",2012,"3627",1
"2454",2012,"3628",1
"2455",2012,"3629",0
"2456",2012,"3701",1
"2457",2012,"3702",0
"2458",2012,"3703",0
"2459",2012,"3704",1
"2460",2012,"3705",0
"2461",2012,"3706",0
"2462",2012,"3707",1
"2463",2012,"3708",1
"2464",2012,"3709",0
"2465",2012,"3710",0
"2466",2012,"3711",1
"2467",2012,"3712",1
"2468",2012,"3713",1
"2469",2012,"3800",0
"2470",2012,"3901",0
"2471",2012,"3902",0
"2472",2012,"3903",0
"2473",2012,"3904",0
"2474",2012,"3905",0
"2475",2012,"3906",0
"2476",2012,"3907",0
"2477",2012,"3908",0
"2478",2012,"3909",1
"2479",2012,"3910",1
"2480",2012,"3911",1
"2481",2012,"3912",0
"2482",2012,"3913",1
"2483",2012,"3914",0
"2484",2012,"3915",0
"2485",2012,"3916",0
"2486",2012,"3917",1
"2487",2012,"3918",0
"2488",2012,"4001",0
"2489",2012,"4002",1
"2490",2012,"4003",0
"2491",2012,"4004",0
"2492",2012,"4005",0
"2493",2012,"4101",1
"2494",2012,"4102",0
"2495",2012,"4103",1
"2496",2012,"4104",1
"2497",2012,"4105",1
"2498",2012,"4201",1
"2499",2012,"4202",1
"2500",2012,"4203",0
"2501",2012,"4204",1
"2502",2012,"4205",0
"2503",2012,"4206",0
"2504",2012,"4207",0
"2505",2012,"4208",0
"2506",2012,"4209",0
"2507",2012,"4210",0
"2508",2012,"4211",0
"2509",2012,"4212",1
"2510",2012,"4213",1
"2511",2012,"4214",1
"2512",2012,"4215",0
"2513",2012,"4216",0
"2514",2012,"4217",1
"2515",2012,"4218",0
"2516",2012,"4219",0
"2517",2012,"4401",1
"2518",2012,"4402",1
"2519",2012,"4501",0
"2520",2012,"4502",0
"2521",2012,"4503",0
"2522",2012,"4504",0
"2523",2012,"4505",0
"2524",2012,"4506",1
"2525",2012,"4600",0
"2526",2012,"4701",0
"2527",2012,"4702",0
"2528",2012,"4703",0
"2529",2012,"4704",0
"2530",2012,"4705",1
"2531",2012,"4706",0
"2532",2012,"4707",0
"2533",2012,"4708",0
"2534",2012,"4709",1
"2535",2012,"4801",0
"2536",2012,"4802",0
"2537",2012,"4803",0
"2538",2012,"4804",0
"2539",2012,"4805",0
"2540",2012,"4806",0
"2541",2012,"4807",0
"2542",2012,"4808",0
"2543",2012,"4809",1
"2544",2012,"4810",0
"2545",2012,"4811",0
"2546",2012,"4812",0
"2547",2012,"4813",0
"2548",2012,"4814",0
"2549",2012,"4815",1
"2550",2012,"4816",1
"2551",2012,"4817",0
"2552",2012,"4818",1
"2553",2012,"4819",0
"2554",2012,"4820",1
"2555",2012,"4821",0
"2556",2012,"4822",0
"2557",2012,"4823",0
"2558",2012,"4824",0
"2559",2012,"4825",1
"2560",2012,"4826",0
"2561",2012,"4827",0
"2562",2012,"4828",1
"2563",2012,"4829",1
"2564",2012,"4830",1
"2565",2012,"4831",0
"2566",2012,"4832",0
"2567",2012,"4901",0
"2568",2012,"4902",1
"2569",2012,"4903",0
"2570",2012,"5000",1
"2571",2012,"5101",0
"2572",2012,"5102",0
"2573",2012,"5103",1
"2574",2012,"5104",0
"2575",2012,"5105",0
"2576",2012,"5106",0
"2577",2012,"5107",0
"2578",2012,"5108",1
"2579",2012,"5109",0
"2580",2012,"5110",0
"2581",2012,"5111",1
"2582",2012,"5301",1
"2583",2012,"5302",1
"2584",2012,"5303",0
"2585",2012,"5304",0
"2586",2012,"5305",0
"2587",2012,"5306",1
"2588",2012,"5307",1
"2589",2012,"5308",0
"2590",2012,"5309",1
"2591",2012,"5401",0
"2592",2012,"5402",0
"2593",2012,"5403",1
"2594",2012,"5501",0
"2595",2012,"5502",1
"2596",2012,"5503",1
"2597",2012,"5504",1
"2598",2012,"5505",0
"2599",2012,"5506",0
"2600",2012,"5507",0
"2601",2012,"5508",0
"2602",2012,"5600",0
